wine-Female-DoNotOwnHome,wine-Female-DoNotOwnHome|wine-Female-DoNotOwnHome
dairy-fish-Female-DoNotOwnHome,dairy-fish-Female-DoNotOwnHome
Female-Homeowner,Female-Homeowner|Female-Homeowner|Female-Homeowner|Female-Homeowner|Female-Homeowner|Female-Homeowner|Female-Homeowner|Female-Homeowner|Female-Homeowner|Female-Homeowner|Female-Homeowner|Female-Homeowner|Female-Homeowner|Female-Homeowner|Female-Homeowner|Female-Homeowner|Female-Homeowner|Female-Homeowner
beer-softdrink-Male-DoNotOwnHome,beer-softdrink-Male-DoNotOwnHome
freshmeat-dairy-cannedmeat-Male-DoNotOwnHome,
cannedveg-cannedmeat-frozenmeal-beer-Male-Homeowner,cannedveg-frozenmeal-beer-Male-Homeowner|cannedveg-frozenmeal-beer-Male-Homeowner|cannedveg-frozenmeal-beer-Male-Homeowner|cannedveg-cannedmeat-frozenmeal-beer-confectionery-Male-Homeowner|cannedveg-cannedmeat-frozenmeal-beer-wine-Male-Homeowner|cannedveg-frozenmeal-beer-fish-Male-Homeowner|freshmeat-cannedveg-cannedmeat-frozenmeal-beer-Male-Homeowner|cannedveg-frozenmeal-beer-Male-Homeowner|cannedveg-frozenmeal-beer-Male-Homeowner|cannedveg-frozenmeal-beer-Male-Homeowner|cannedveg-frozenmeal-beer-Male-Homeowner|cannedveg-cannedmeat-frozenmeal-beer-Male-Homeowner|dairy-cannedveg-frozenmeal-beer-Male-Homeowner|cannedveg-frozenmeal-beer-Male-Homeowner|dairy-cannedveg-frozenmeal-beer-Male-Homeowner|cannedveg-frozenmeal-beer-Male-Homeowner|dairy-cannedveg-cannedmeat-frozenmeal-beer-softdrink-Male-Homeowner|dairy-cannedveg-frozenmeal-beer-Male-Homeowner|cannedveg-frozenmeal-beer-fish-Male-Homeowner|cannedveg-frozenmeal-beer-Male-Homeowner|cannedveg-frozenmeal-beer-Male-Homeowner|cannedveg-frozenmeal-beer-Male-Homeowner|cannedveg-cannedmeat-frozenmeal-beer-Male-Homeowner|cannedveg-cannedmeat-frozenmeal-beer-Male-Homeowner|cannedveg-cannedmeat-frozenmeal-beer-Male-Homeowner
fruitveg-beer-Female-Homeowner,fruitveg-dairy-frozenmeal-beer-Female-Homeowner|fruitveg-frozenmeal-beer-Female-Homeowner|fruitveg-beer-Female-Homeowner
fruitveg-cannedveg-softdrink-Female-Homeowner,fruitveg-softdrink-Female-Homeowner
fruitveg-beer-wine-confectionery-Female-Homeowner,dairy-beer-wine-confectionery-Female-Homeowner|fruitveg-wine-confectionery-Female-Homeowner|fruitveg-beer-wine-confectionery-Female-Homeowner|beer-wine-confectionery-Female-Homeowner|fruitveg-beer-wine-confectionery-Female-Homeowner|fruitveg-beer-wine-confectionery-Female-Homeowner|fruitveg-cannedmeat-beer-wine-fish-confectionery-Female-Homeowner|fruitveg-beer-wine-fish-confectionery-Female-Homeowner
fruitveg-freshmeat-cannedmeat-fish-Female-DoNotOwnHome,fruitveg-freshmeat-cannedveg-fish-Female-DoNotOwnHome|fruitveg-freshmeat-softdrink-fish-Female-DoNotOwnHome|fruitveg-freshmeat-cannedveg-fish-Female-DoNotOwnHome
fish-Male-Homeowner,frozenmeal-fish-Male-Homeowner|frozenmeal-fish-Male-Homeowner|fish-Male-Homeowner|fish-Male-Homeowner|fish-Male-Homeowner
beer-Female-Homeowner,beer-fish-Female-Homeowner|beer-Female-Homeowner|beer-Female-Homeowner|beer-Female-Homeowner|beer-Female-Homeowner|dairy-beer-Female-Homeowner|dairy-beer-Female-Homeowner|beer-Female-Homeowner|frozenmeal-beer-Female-Homeowner|beer-Female-Homeowner
fruitveg-freshmeat-cannedveg-frozenmeal-beer-Male-Homeowner,fruitveg-cannedveg-frozenmeal-beer-wine-Male-Homeowner|freshmeat-cannedveg-cannedmeat-frozenmeal-beer-Male-Homeowner|fruitveg-cannedveg-frozenmeal-beer-Male-Homeowner|freshmeat-cannedveg-frozenmeal-beer-Male-Homeowner
dairy-cannedveg-beer-Female-DoNotOwnHome,cannedveg-beer-Female-DoNotOwnHome
frozenmeal-Male-Homeowner,frozenmeal-fish-Male-Homeowner|frozenmeal-Male-Homeowner|frozenmeal-Male-Homeowner|frozenmeal-fish-Male-Homeowner|frozenmeal-Male-Homeowner|frozenmeal-Male-Homeowner|frozenmeal-Male-Homeowner
fruitveg-cannedveg-beer-wine-softdrink-confectionery-Female-Homeowner,
fruitveg-softdrink-fish-Female-DoNotOwnHome,fruitveg-dairy-softdrink-fish-Female-DoNotOwnHome|fruitveg-beer-softdrink-fish-Female-DoNotOwnHome|fruitveg-frozenmeal-softdrink-fish-Female-DoNotOwnHome|fruitveg-beer-softdrink-fish-Female-DoNotOwnHome|fruitveg-softdrink-Female-DoNotOwnHome
freshmeat-softdrink-Female-Homeowner,frozenmeal-softdrink-Female-Homeowner|fruitveg-freshmeat-softdrink-Female-Homeowner|softdrink-Female-Homeowner|freshmeat-frozenmeal-softdrink-Female-Homeowner|frozenmeal-softdrink-Female-Homeowner
freshmeat-frozenmeal-wine-confectionery-Female-Homeowner,wine-confectionery-Female-Homeowner|wine-confectionery-Female-Homeowner|frozenmeal-wine-confectionery-Female-Homeowner|wine-confectionery-Female-Homeowner|frozenmeal-wine-confectionery-Female-Homeowner|wine-confectionery-Female-Homeowner|freshmeat-wine-confectionery-Female-Homeowner|fruitveg-frozenmeal-wine-confectionery-Female-Homeowner|wine-confectionery-Female-Homeowner|wine-confectionery-Female-Homeowner|freshmeat-wine-confectionery-Female-Homeowner|wine-confectionery-Female-Homeowner|wine-confectionery-Female-Homeowner
freshmeat-frozenmeal-confectionery-Female-Homeowner,confectionery-Female-Homeowner|confectionery-Female-Homeowner
fruitveg-fish-Female-DoNotOwnHome,fruitveg-Female-DoNotOwnHome|fruitveg-fish-Female-DoNotOwnHome|fruitveg-beer-fish-Female-DoNotOwnHome|fruitveg-fish-Female-DoNotOwnHome|fruitveg-Female-DoNotOwnHome|fruitveg-fish-Female-DoNotOwnHome|fruitveg-beer-fish-Female-DoNotOwnHome|fruitveg-dairy-fish-Female-DoNotOwnHome|fruitveg-cannedveg-fish-Female-DoNotOwnHome
beer-Female-DoNotOwnHome,dairy-beer-Female-DoNotOwnHome|beer-Female-DoNotOwnHome|fruitveg-beer-Female-DoNotOwnHome|beer-Female-DoNotOwnHome|fruitveg-beer-Female-DoNotOwnHome
cannedveg-frozenmeal-beer-Male-DoNotOwnHome,cannedveg-frozenmeal-beer-fish-Male-DoNotOwnHome|cannedveg-frozenmeal-beer-softdrink-Male-DoNotOwnHome|dairy-cannedveg-frozenmeal-beer-Male-DoNotOwnHome|cannedveg-frozenmeal-beer-fish-Male-DoNotOwnHome|cannedveg-cannedmeat-frozenmeal-beer-Male-DoNotOwnHome|fruitveg-cannedveg-cannedmeat-frozenmeal-beer-Male-DoNotOwnHome|freshmeat-cannedveg-frozenmeal-beer-Male-DoNotOwnHome|cannedveg-cannedmeat-frozenmeal-beer-Male-DoNotOwnHome|cannedveg-frozenmeal-beer-softdrink-Male-DoNotOwnHome|cannedveg-frozenmeal-beer-wine-Male-DoNotOwnHome|dairy-cannedveg-frozenmeal-beer-Male-DoNotOwnHome|fruitveg-cannedveg-frozenmeal-beer-Male-DoNotOwnHome|cannedveg-frozenmeal-beer-Male-DoNotOwnHome|cannedveg-cannedmeat-frozenmeal-beer-Male-DoNotOwnHome|cannedveg-frozenmeal-beer-softdrink-Male-DoNotOwnHome|cannedveg-frozenmeal-beer-softdrink-Male-DoNotOwnHome|cannedveg-frozenmeal-beer-wine-Male-DoNotOwnHome|cannedveg-frozenmeal-beer-wine-Male-DoNotOwnHome|cannedveg-cannedmeat-frozenmeal-beer-Male-DoNotOwnHome|cannedveg-frozenmeal-beer-Male-DoNotOwnHome|fruitveg-cannedveg-frozenmeal-beer-Male-DoNotOwnHome|fruitveg-cannedveg-frozenmeal-beer-Male-DoNotOwnHome|cannedveg-frozenmeal-beer-wine-Male-DoNotOwnHome|freshmeat-cannedveg-frozenmeal-beer-wine-Male-DoNotOwnHome|cannedveg-frozenmeal-beer-Male-DoNotOwnHome
fruitveg-dairy-cannedmeat-frozenmeal-Female-DoNotOwnHome,fruitveg-frozenmeal-Female-DoNotOwnHome|fruitveg-dairy-cannedmeat-frozenmeal-softdrink-Female-DoNotOwnHome
wine-confectionery-Male-Homeowner,wine-confectionery-Male-Homeowner
fruitveg-dairy-cannedveg-frozenmeal-beer-Male-Homeowner,fruitveg-cannedveg-frozenmeal-beer-Male-Homeowner|fruitveg-cannedveg-frozenmeal-beer-softdrink-Male-Homeowner|fruitveg-dairy-cannedveg-cannedmeat-frozenmeal-beer-Male-Homeowner
cannedveg-wine-fish-confectionery-Female-Homeowner,fruitveg-cannedveg-wine-fish-confectionery-Female-Homeowner|cannedveg-cannedmeat-wine-fish-confectionery-Female-Homeowner|cannedveg-wine-confectionery-Female-Homeowner
fruitveg-cannedveg-wine-confectionery-Female-DoNotOwnHome,fruitveg-wine-confectionery-Female-DoNotOwnHome|cannedveg-wine-confectionery-Female-DoNotOwnHome|fruitveg-wine-confectionery-Female-DoNotOwnHome|cannedveg-wine-confectionery-Female-DoNotOwnHome|fruitveg-wine-confectionery-Female-DoNotOwnHome|cannedveg-wine-confectionery-Female-DoNotOwnHome
Female-DoNotOwnHome,Female-DoNotOwnHome|Female-DoNotOwnHome|Female-DoNotOwnHome|Female-DoNotOwnHome|Female-DoNotOwnHome|Female-DoNotOwnHome|Female-DoNotOwnHome|Female-DoNotOwnHome|Female-DoNotOwnHome
freshmeat-cannedveg-cannedmeat-wine-softdrink-fish-confectionery-Female-Homeowner,cannedveg-cannedmeat-wine-fish-confectionery-Female-Homeowner|fruitveg-freshmeat-cannedveg-wine-softdrink-fish-confectionery-Female-Homeowner
cannedveg-frozenmeal-beer-Male-Homeowner,cannedveg-frozenmeal-beer-Male-Homeowner|cannedveg-frozenmeal-beer-Male-Homeowner|cannedveg-frozenmeal-beer-wine-Male-Homeowner|cannedveg-frozenmeal-beer-Male-Homeowner|cannedveg-frozenmeal-beer-fish-Male-Homeowner|cannedveg-frozenmeal-beer-wine-Male-Homeowner|cannedveg-frozenmeal-beer-Male-Homeowner|cannedveg-frozenmeal-beer-Male-Homeowner|cannedveg-frozenmeal-beer-Male-Homeowner|cannedveg-frozenmeal-beer-Male-Homeowner|freshmeat-cannedveg-frozenmeal-beer-wine-Male-Homeowner|cannedveg-cannedmeat-frozenmeal-beer-Male-Homeowner|dairy-cannedveg-frozenmeal-beer-Male-Homeowner|freshmeat-cannedveg-frozenmeal-beer-fish-Male-Homeowner|cannedveg-frozenmeal-beer-softdrink-Male-Homeowner|cannedveg-frozenmeal-beer-Male-Homeowner|dairy-cannedveg-frozenmeal-beer-Male-Homeowner|cannedveg-frozenmeal-beer-Male-Homeowner|dairy-cannedveg-frozenmeal-beer-Male-Homeowner|cannedveg-frozenmeal-beer-fish-Male-Homeowner|cannedveg-frozenmeal-beer-Male-Homeowner|cannedveg-frozenmeal-beer-Male-Homeowner|freshmeat-cannedveg-frozenmeal-beer-Male-Homeowner|cannedveg-frozenmeal-beer-Male-Homeowner|cannedveg-cannedmeat-frozenmeal-beer-Male-Homeowner|cannedveg-frozenmeal-beer-confectionery-Male-Homeowner|cannedveg-cannedmeat-frozenmeal-beer-Male-Homeowner|cannedveg-frozenmeal-beer-wine-Male-Homeowner|cannedveg-frozenmeal-beer-confectionery-Male-Homeowner|cannedveg-frozenmeal-Male-Homeowner|cannedveg-cannedmeat-frozenmeal-beer-Male-Homeowner
freshmeat-Male-Homeowner,fruitveg-freshmeat-Male-Homeowner|fruitveg-freshmeat-Male-Homeowner|freshmeat-Male-Homeowner|freshmeat-beer-Male-Homeowner|freshmeat-Male-Homeowner|freshmeat-Male-Homeowner|freshmeat-Male-Homeowner|freshmeat-Male-Homeowner|freshmeat-frozenmeal-Male-Homeowner
fruitveg-dairy-frozenmeal-fish-Male-DoNotOwnHome,fruitveg-dairy-frozenmeal-fish-Male-DoNotOwnHome|fruitveg-dairy-fish-Male-DoNotOwnHome|fruitveg-dairy-cannedveg-frozenmeal-beer-fish-Male-DoNotOwnHome|fruitveg-frozenmeal-fish-Male-DoNotOwnHome|fruitveg-frozenmeal-fish-Male-DoNotOwnHome|fruitveg-frozenmeal-fish-Male-DoNotOwnHome|fruitveg-dairy-cannedveg-frozenmeal-beer-wine-fish-Male-DoNotOwnHome
frozenmeal-Female-DoNotOwnHome,frozenmeal-Female-DoNotOwnHome|frozenmeal-beer-Female-DoNotOwnHome
fruitveg-cannedmeat-beer-Male-DoNotOwnHome,cannedmeat-beer-Male-DoNotOwnHome
fruitveg-dairy-wine-confectionery-Female-Homeowner,fruitveg-freshmeat-dairy-wine-confectionery-Female-Homeowner|fruitveg-wine-confectionery-Female-Homeowner|fruitveg-freshmeat-dairy-wine-confectionery-Female-Homeowner|fruitveg-frozenmeal-wine-confectionery-Female-Homeowner|dairy-wine-softdrink-confectionery-Female-Homeowner|dairy-wine-confectionery-Female-Homeowner
fruitveg-freshmeat-cannedveg-wine-softdrink-fish-confectionery-Female-DoNotOwnHome,fruitveg-freshmeat-dairy-cannedveg-wine-softdrink-fish-Female-DoNotOwnHome
freshmeat-Female-Homeowner,freshmeat-Female-Homeowner|freshmeat-frozenmeal-Female-Homeowner|freshmeat-Female-Homeowner|freshmeat-frozenmeal-Female-Homeowner|freshmeat-Female-Homeowner|freshmeat-frozenmeal-Female-Homeowner
fruitveg-cannedveg-Male-Homeowner,fruitveg-cannedveg-fish-Male-Homeowner
dairy-frozenmeal-beer-confectionery-Male-Homeowner,dairy-beer-confectionery-Male-Homeowner|dairy-frozenmeal-beer-confectionery-Male-Homeowner
cannedmeat-wine-fish-confectionery-Female-Homeowner,wine-fish-confectionery-Female-Homeowner|cannedmeat-wine-fish-confectionery-Female-Homeowner|wine-fish-confectionery-Female-Homeowner|wine-fish-confectionery-Female-Homeowner
freshmeat-dairy-cannedmeat-confectionery-Female-Homeowner,freshmeat-dairy-cannedmeat-Female-Homeowner
wine-Female-DoNotOwnHome,wine-Female-DoNotOwnHome|wine-Female-DoNotOwnHome
fruitveg-cannedveg-frozenmeal-beer-confectionery-Male-DoNotOwnHome,cannedveg-frozenmeal-beer-confectionery-Male-DoNotOwnHome|cannedveg-frozenmeal-beer-confectionery-Male-DoNotOwnHome|cannedveg-frozenmeal-beer-confectionery-Male-DoNotOwnHome
fruitveg-cannedveg-frozenmeal-beer-fish-confectionery-Male-DoNotOwnHome,fruitveg-cannedveg-frozenmeal-beer-fish-Male-DoNotOwnHome|fruitveg-frozenmeal-fish-confectionery-Male-DoNotOwnHome|cannedveg-frozenmeal-beer-fish-confectionery-Male-DoNotOwnHome|fruitveg-cannedveg-frozenmeal-beer-fish-Male-DoNotOwnHome|fruitveg-cannedveg-frozenmeal-beer-fish-Male-DoNotOwnHome|cannedveg-frozenmeal-beer-fish-confectionery-Male-DoNotOwnHome|fruitveg-cannedveg-frozenmeal-beer-fish-Male-DoNotOwnHome
dairy-confectionery-Female-Homeowner,dairy-fish-confectionery-Female-Homeowner|dairy-fish-confectionery-Female-Homeowner|dairy-wine-confectionery-Female-Homeowner|dairy-fish-confectionery-Female-Homeowner
dairy-wine-confectionery-Male-Homeowner,dairy-beer-confectionery-Male-Homeowner|dairy-wine-Male-Homeowner|wine-confectionery-Male-Homeowner|dairy-confectionery-Male-Homeowner
fruitveg-dairy-cannedveg-Female-DoNotOwnHome,fruitveg-cannedveg-Female-DoNotOwnHome
cannedmeat-frozenmeal-confectionery-Male-Homeowner,frozenmeal-confectionery-Male-Homeowner|cannedmeat-frozenmeal-Male-Homeowner
cannedmeat-wine-Female-Homeowner,
cannedveg-frozenmeal-beer-wine-Male-Homeowner,cannedveg-frozenmeal-beer-Male-Homeowner|cannedveg-frozenmeal-beer-Male-Homeowner|cannedveg-frozenmeal-beer-wine-Male-Homeowner|cannedveg-frozenmeal-beer-Male-Homeowner|cannedveg-cannedmeat-frozenmeal-beer-wine-Male-Homeowner|cannedveg-frozenmeal-beer-wine-fish-Male-Homeowner|cannedveg-frozenmeal-beer-wine-softdrink-Male-Homeowner|fruitveg-cannedveg-frozenmeal-beer-wine-Male-Homeowner|cannedveg-frozenmeal-beer-wine-Male-Homeowner|cannedveg-frozenmeal-beer-Male-Homeowner|cannedveg-frozenmeal-beer-Male-Homeowner|cannedveg-frozenmeal-beer-Male-Homeowner|cannedveg-frozenmeal-beer-Male-Homeowner|freshmeat-cannedveg-frozenmeal-beer-wine-Male-Homeowner|cannedveg-frozenmeal-beer-Male-Homeowner|cannedveg-frozenmeal-beer-Male-Homeowner|cannedveg-frozenmeal-beer-Male-Homeowner|cannedveg-frozenmeal-beer-Male-Homeowner|freshmeat-cannedveg-frozenmeal-beer-Male-Homeowner|cannedveg-frozenmeal-beer-Male-Homeowner|cannedveg-frozenmeal-beer-wine-Male-Homeowner|cannedveg-frozenmeal-beer-wine-softdrink-Male-Homeowner
cannedveg-beer-Male-DoNotOwnHome,cannedveg-frozenmeal-beer-Male-DoNotOwnHome|cannedveg-frozenmeal-beer-Male-DoNotOwnHome|cannedveg-cannedmeat-beer-Male-DoNotOwnHome|cannedveg-beer-fish-Male-DoNotOwnHome|cannedveg-frozenmeal-beer-Male-DoNotOwnHome
fruitveg-freshmeat-softdrink-fish-Female-DoNotOwnHome,fruitveg-freshmeat-softdrink-fish-Female-DoNotOwnHome|fruitveg-freshmeat-softdrink-Female-DoNotOwnHome
fruitveg-dairy-fish-Male-DoNotOwnHome,fruitveg-fish-Male-DoNotOwnHome|fruitveg-dairy-cannedveg-fish-Male-DoNotOwnHome|fruitveg-dairy-frozenmeal-fish-Male-DoNotOwnHome|fruitveg-dairy-fish-Male-DoNotOwnHome|fruitveg-fish-Male-DoNotOwnHome|fruitveg-fish-Male-DoNotOwnHome|fruitveg-fish-Male-DoNotOwnHome|fruitveg-dairy-beer-fish-Male-DoNotOwnHome
cannedmeat-Female-DoNotOwnHome,cannedmeat-Female-DoNotOwnHome
freshmeat-dairy-cannedveg-frozenmeal-beer-Male-DoNotOwnHome,dairy-cannedveg-frozenmeal-beer-Male-DoNotOwnHome|freshmeat-cannedveg-frozenmeal-beer-Male-DoNotOwnHome|freshmeat-cannedveg-cannedmeat-frozenmeal-beer-Male-DoNotOwnHome|dairy-cannedveg-frozenmeal-beer-Male-DoNotOwnHome
fruitveg-freshmeat-dairy-softdrink-fish-Female-DoNotOwnHome,fruitveg-freshmeat-softdrink-fish-Female-DoNotOwnHome|fruitveg-freshmeat-dairy-cannedveg-wine-softdrink-fish-Female-DoNotOwnHome
cannedmeat-frozenmeal-beer-Female-DoNotOwnHome,cannedmeat-frozenmeal-Female-DoNotOwnHome|cannedmeat-frozenmeal-Female-DoNotOwnHome|frozenmeal-beer-Female-DoNotOwnHome
Male-Homeowner,Male-Homeowner|beer-Male-Homeowner|Male-Homeowner|Male-Homeowner|beer-Male-Homeowner|Male-Homeowner|beer-Male-Homeowner|Male-Homeowner|Male-Homeowner|beer-Male-Homeowner|Male-Homeowner|Male-Homeowner|beer-Male-Homeowner|Male-Homeowner|Male-Homeowner|Male-Homeowner|Male-Homeowner|Male-Homeowner|Male-Homeowner|Male-Homeowner|beer-Male-Homeowner
cannedveg-frozenmeal-Female-Homeowner,cannedveg-Female-Homeowner|cannedveg-frozenmeal-Female-Homeowner|cannedveg-Female-Homeowner|cannedveg-frozenmeal-Female-Homeowner|cannedveg-Female-Homeowner|freshmeat-cannedveg-Female-Homeowner
softdrink-Female-Homeowner,frozenmeal-softdrink-Female-Homeowner|softdrink-Female-Homeowner|cannedmeat-softdrink-Female-Homeowner|freshmeat-frozenmeal-softdrink-Female-Homeowner|frozenmeal-softdrink-Female-Homeowner
fruitveg-confectionery-Female-DoNotOwnHome,fruitveg-fish-confectionery-Female-DoNotOwnHome|fruitveg-fish-confectionery-Female-DoNotOwnHome|fruitveg-confectionery-Female-DoNotOwnHome
cannedveg-frozenmeal-beer-Male-DoNotOwnHome,cannedveg-frozenmeal-beer-fish-Male-DoNotOwnHome|cannedveg-frozenmeal-beer-softdrink-Male-DoNotOwnHome|dairy-cannedveg-frozenmeal-beer-Male-DoNotOwnHome|cannedveg-frozenmeal-beer-fish-Male-DoNotOwnHome|cannedveg-cannedmeat-frozenmeal-beer-Male-DoNotOwnHome|fruitveg-cannedveg-cannedmeat-frozenmeal-beer-Male-DoNotOwnHome|freshmeat-cannedveg-frozenmeal-beer-Male-DoNotOwnHome|cannedveg-cannedmeat-frozenmeal-beer-Male-DoNotOwnHome|cannedveg-frozenmeal-beer-softdrink-Male-DoNotOwnHome|cannedveg-frozenmeal-beer-wine-Male-DoNotOwnHome|dairy-cannedveg-frozenmeal-beer-Male-DoNotOwnHome|fruitveg-cannedveg-frozenmeal-beer-Male-DoNotOwnHome|cannedveg-frozenmeal-beer-Male-DoNotOwnHome|cannedveg-cannedmeat-frozenmeal-beer-Male-DoNotOwnHome|cannedveg-frozenmeal-beer-softdrink-Male-DoNotOwnHome|cannedveg-frozenmeal-beer-softdrink-Male-DoNotOwnHome|cannedveg-frozenmeal-beer-wine-Male-DoNotOwnHome|cannedveg-frozenmeal-beer-wine-Male-DoNotOwnHome|cannedveg-cannedmeat-frozenmeal-beer-Male-DoNotOwnHome|cannedveg-frozenmeal-beer-Male-DoNotOwnHome|fruitveg-cannedveg-frozenmeal-beer-Male-DoNotOwnHome|fruitveg-cannedveg-frozenmeal-beer-Male-DoNotOwnHome|cannedveg-frozenmeal-beer-wine-Male-DoNotOwnHome|freshmeat-cannedveg-frozenmeal-beer-wine-Male-DoNotOwnHome|cannedveg-frozenmeal-beer-Male-DoNotOwnHome
freshmeat-cannedveg-cannedmeat-frozenmeal-beer-softdrink-fish-Male-DoNotOwnHome,cannedveg-frozenmeal-beer-softdrink-Male-DoNotOwnHome|freshmeat-cannedveg-cannedmeat-frozenmeal-beer-softdrink-confectionery-Male-DoNotOwnHome|cannedveg-cannedmeat-frozenmeal-beer-softdrink-Male-DoNotOwnHome|cannedveg-frozenmeal-beer-softdrink-Male-DoNotOwnHome|cannedveg-frozenmeal-beer-softdrink-Male-DoNotOwnHome|cannedveg-frozenmeal-beer-softdrink-Male-DoNotOwnHome|freshmeat-cannedveg-cannedmeat-frozenmeal-beer-softdrink-Male-DoNotOwnHome
cannedmeat-beer-Male-DoNotOwnHome,cannedmeat-Male-DoNotOwnHome|cannedmeat-Male-DoNotOwnHome|cannedmeat-Male-DoNotOwnHome|cannedmeat-beer-Male-DoNotOwnHome|cannedmeat-beer-softdrink-Male-DoNotOwnHome|cannedmeat-Male-DoNotOwnHome
wine-confectionery-Female-Homeowner,wine-confectionery-Female-Homeowner|wine-confectionery-Female-Homeowner|frozenmeal-wine-confectionery-Female-Homeowner|fruitveg-wine-confectionery-Female-Homeowner|wine-confectionery-Female-Homeowner|frozenmeal-wine-confectionery-Female-Homeowner|wine-confectionery-Female-Homeowner|freshmeat-wine-confectionery-Female-Homeowner|beer-wine-confectionery-Female-Homeowner|wine-confectionery-Female-Homeowner|wine-confectionery-Female-Homeowner|cannedmeat-wine-confectionery-Female-Homeowner|freshmeat-wine-confectionery-Female-Homeowner|wine-confectionery-Female-Homeowner|wine-confectionery-Female-Homeowner|cannedmeat-wine-confectionery-Female-Homeowner
fruitveg-softdrink-confectionery-Female-Homeowner,fruitveg-softdrink-Female-Homeowner|cannedmeat-softdrink-confectionery-Female-Homeowner
beer-softdrink-Female-Homeowner,frozenmeal-beer-softdrink-Female-Homeowner
softdrink-confectionery-Female-DoNotOwnHome,wine-softdrink-confectionery-Female-DoNotOwnHome|wine-softdrink-confectionery-Female-DoNotOwnHome
freshmeat-cannedveg-softdrink-Male-DoNotOwnHome,freshmeat-cannedveg-wine-softdrink-Male-DoNotOwnHome|freshmeat-softdrink-Male-DoNotOwnHome
cannedmeat-wine-confectionery-Female-DoNotOwnHome,wine-confectionery-Female-DoNotOwnHome|cannedmeat-wine-confectionery-Female-DoNotOwnHome|fruitveg-wine-confectionery-Female-DoNotOwnHome|wine-confectionery-Female-DoNotOwnHome|fruitveg-wine-confectionery-Female-DoNotOwnHome|wine-confectionery-Female-DoNotOwnHome|fruitveg-wine-confectionery-Female-DoNotOwnHome|cannedmeat-wine-confectionery-Female-DoNotOwnHome|wine-confectionery-Female-DoNotOwnHome|fruitveg-cannedmeat-wine-confectionery-Female-DoNotOwnHome|wine-confectionery-Female-DoNotOwnHome|wine-confectionery-Female-DoNotOwnHome|cannedmeat-wine-confectionery-Female-DoNotOwnHome
beer-fish-Male-Homeowner,beer-Male-Homeowner|beer-Male-Homeowner|beer-Male-Homeowner|beer-Male-Homeowner|beer-Male-Homeowner|fish-Male-Homeowner|fish-Male-Homeowner|fish-Male-Homeowner|beer-Male-Homeowner
cannedmeat-beer-fish-Female-Homeowner,beer-fish-Female-Homeowner|cannedveg-cannedmeat-frozenmeal-beer-fish-Female-Homeowner|cannedmeat-fish-Female-Homeowner
fruitveg-beer-softdrink-fish-Female-Homeowner,
Male-DoNotOwnHome,Male-DoNotOwnHome|Male-DoNotOwnHome|Male-DoNotOwnHome|Male-DoNotOwnHome|Male-DoNotOwnHome|Male-DoNotOwnHome|Male-DoNotOwnHome|Male-DoNotOwnHome
beer-Female-DoNotOwnHome,dairy-beer-Female-DoNotOwnHome|beer-Female-DoNotOwnHome|fruitveg-beer-Female-DoNotOwnHome|beer-Female-DoNotOwnHome|fruitveg-beer-Female-DoNotOwnHome
dairy-softdrink-Female-Homeowner,dairy-softdrink-confectionery-Female-Homeowner|dairy-softdrink-Female-Homeowner
dairy-cannedveg-beer-wine-softdrink-Female-DoNotOwnHome,
fruitveg-freshmeat-softdrink-fish-Male-DoNotOwnHome,
fruitveg-freshmeat-cannedveg-cannedmeat-frozenmeal-beer-fish-Male-DoNotOwnHome,fruitveg-cannedveg-cannedmeat-frozenmeal-beer-wine-fish-Male-DoNotOwnHome|fruitveg-freshmeat-cannedveg-frozenmeal-beer-fish-Male-DoNotOwnHome|fruitveg-cannedveg-cannedmeat-frozenmeal-beer-Male-DoNotOwnHome|fruitveg-cannedveg-cannedmeat-frozenmeal-beer-wine-fish-Male-DoNotOwnHome|fruitveg-freshmeat-cannedveg-frozenmeal-beer-fish-Male-DoNotOwnHome|fruitveg-freshmeat-cannedveg-frozenmeal-beer-fish-Male-DoNotOwnHome
fruitveg-Male-Homeowner,fruitveg-Male-Homeowner|fruitveg-freshmeat-Male-Homeowner|fruitveg-Male-Homeowner|fruitveg-beer-Male-Homeowner|fruitveg-dairy-Male-Homeowner|fruitveg-freshmeat-Male-Homeowner|fruitveg-fish-Male-Homeowner|fruitveg-dairy-Male-Homeowner|fruitveg-frozenmeal-Male-Homeowner|fruitveg-Male-Homeowner|fruitveg-fish-Male-Homeowner
dairy-cannedveg-Female-Homeowner,
fruitveg-dairy-cannedveg-frozenmeal-beer-fish-Male-DoNotOwnHome,fruitveg-dairy-frozenmeal-fish-Male-DoNotOwnHome|fruitveg-cannedveg-frozenmeal-beer-fish-Male-DoNotOwnHome|fruitveg-cannedveg-cannedmeat-frozenmeal-beer-Male-DoNotOwnHome|fruitveg-dairy-cannedveg-frozenmeal-beer-fish-Male-DoNotOwnHome|fruitveg-cannedveg-frozenmeal-beer-fish-Male-DoNotOwnHome|fruitveg-cannedveg-frozenmeal-beer-Male-DoNotOwnHome|fruitveg-cannedveg-frozenmeal-beer-fish-Male-DoNotOwnHome|fruitveg-dairy-cannedveg-frozenmeal-beer-wine-fish-Male-DoNotOwnHome|fruitveg-cannedveg-frozenmeal-beer-Male-DoNotOwnHome|fruitveg-cannedveg-frozenmeal-beer-fish-Male-DoNotOwnHome|fruitveg-cannedveg-frozenmeal-beer-Male-DoNotOwnHome
fruitveg-dairy-fish-Female-DoNotOwnHome,fruitveg-dairy-softdrink-fish-Female-DoNotOwnHome|fruitveg-fish-Female-DoNotOwnHome|fruitveg-dairy-Female-DoNotOwnHome|fruitveg-fish-Female-DoNotOwnHome|fruitveg-fish-Female-DoNotOwnHome|fruitveg-dairy-fish-Female-DoNotOwnHome
freshmeat-dairy-cannedveg-frozenmeal-beer-fish-confectionery-Male-DoNotOwnHome,freshmeat-cannedveg-frozenmeal-beer-confectionery-Male-DoNotOwnHome
Male-DoNotOwnHome,Male-DoNotOwnHome|Male-DoNotOwnHome|Male-DoNotOwnHome|Male-DoNotOwnHome|Male-DoNotOwnHome|Male-DoNotOwnHome|Male-DoNotOwnHome|Male-DoNotOwnHome
cannedveg-Male-Homeowner,cannedveg-Male-Homeowner|cannedveg-Male-Homeowner|cannedveg-Male-Homeowner|cannedveg-Male-Homeowner|cannedveg-frozenmeal-Male-Homeowner
fruitveg-wine-Male-Homeowner,fruitveg-cannedveg-beer-wine-Male-Homeowner|fruitveg-wine-Male-Homeowner|fruitveg-freshmeat-wine-Male-Homeowner|fruitveg-wine-Male-Homeowner
dairy-Female-Homeowner,dairy-Female-Homeowner|dairy-Female-Homeowner|dairy-fish-Female-Homeowner|dairy-Female-Homeowner
frozenmeal-softdrink-Female-DoNotOwnHome,softdrink-Female-DoNotOwnHome|frozenmeal-softdrink-Female-DoNotOwnHome|softdrink-Female-DoNotOwnHome|softdrink-Female-DoNotOwnHome
fruitveg-cannedmeat-frozenmeal-Female-DoNotOwnHome,fruitveg-frozenmeal-Female-DoNotOwnHome|cannedmeat-frozenmeal-Female-DoNotOwnHome|cannedmeat-frozenmeal-Female-DoNotOwnHome
cannedveg-frozenmeal-beer-fish-Male-DoNotOwnHome,cannedveg-frozenmeal-beer-fish-Male-DoNotOwnHome|cannedveg-frozenmeal-beer-wine-fish-Male-DoNotOwnHome|dairy-cannedveg-frozenmeal-beer-Male-DoNotOwnHome|cannedveg-frozenmeal-beer-fish-Male-DoNotOwnHome|cannedveg-cannedmeat-frozenmeal-beer-Male-DoNotOwnHome|fruitveg-cannedveg-frozenmeal-beer-fish-Male-DoNotOwnHome|cannedveg-cannedmeat-frozenmeal-beer-Male-DoNotOwnHome|fruitveg-cannedveg-frozenmeal-beer-fish-Male-DoNotOwnHome|dairy-cannedveg-frozenmeal-beer-Male-DoNotOwnHome|cannedveg-frozenmeal-beer-Male-DoNotOwnHome|cannedveg-cannedmeat-frozenmeal-beer-Male-DoNotOwnHome|fruitveg-cannedveg-frozenmeal-beer-fish-Male-DoNotOwnHome|cannedveg-cannedmeat-frozenmeal-beer-Male-DoNotOwnHome|cannedveg-frozenmeal-beer-Male-DoNotOwnHome|fruitveg-cannedveg-frozenmeal-beer-fish-Male-DoNotOwnHome|cannedveg-beer-fish-Male-DoNotOwnHome|cannedveg-frozenmeal-beer-Male-DoNotOwnHome
beer-confectionery-Male-Homeowner,beer-confectionery-Male-Homeowner|confectionery-Male-Homeowner|confectionery-Male-Homeowner|confectionery-Male-Homeowner
fruitveg-cannedveg-cannedmeat-frozenmeal-beer-wine-softdrink-fish-Male-DoNotOwnHome,cannedveg-cannedmeat-frozenmeal-beer-wine-fish-Male-DoNotOwnHome|cannedveg-cannedmeat-frozenmeal-beer-wine-fish-Male-DoNotOwnHome|fruitveg-cannedveg-cannedmeat-frozenmeal-beer-wine-fish-Male-DoNotOwnHome|fruitveg-frozenmeal-beer-softdrink-fish-Male-DoNotOwnHome|fruitveg-cannedveg-frozenmeal-beer-wine-Male-DoNotOwnHome|fruitveg-cannedveg-frozenmeal-beer-wine-fish-Male-DoNotOwnHome|fruitveg-cannedveg-cannedmeat-frozenmeal-beer-wine-fish-Male-DoNotOwnHome|cannedveg-cannedmeat-frozenmeal-beer-wine-fish-Male-DoNotOwnHome|fruitveg-cannedveg-frozenmeal-beer-wine-fish-Male-DoNotOwnHome|fruitveg-cannedveg-cannedmeat-frozenmeal-beer-wine-fish-confectionery-Male-DoNotOwnHome|fruitveg-dairy-cannedveg-frozenmeal-beer-wine-fish-Male-DoNotOwnHome|fruitveg-cannedveg-frozenmeal-beer-wine-fish-Male-DoNotOwnHome
beer-Female-Homeowner,beer-fish-Female-Homeowner|beer-Female-Homeowner|beer-Female-Homeowner|beer-Female-Homeowner|beer-Female-Homeowner|dairy-beer-Female-Homeowner|dairy-beer-Female-Homeowner|beer-Female-Homeowner|frozenmeal-beer-Female-Homeowner|beer-Female-Homeowner
freshmeat-cannedveg-wine-confectionery-Female-Homeowner,cannedveg-wine-confectionery-Female-Homeowner|cannedveg-beer-wine-confectionery-Female-Homeowner|freshmeat-dairy-cannedveg-wine-confectionery-Female-Homeowner
wine-confectionery-Male-DoNotOwnHome,wine-confectionery-Male-DoNotOwnHome|wine-confectionery-Male-DoNotOwnHome|wine-confectionery-Male-DoNotOwnHome|wine-confectionery-Male-DoNotOwnHome|wine-softdrink-confectionery-Male-DoNotOwnHome
freshmeat-softdrink-Female-Homeowner,frozenmeal-softdrink-Female-Homeowner|fruitveg-freshmeat-softdrink-Female-Homeowner|softdrink-Female-Homeowner|freshmeat-frozenmeal-softdrink-Female-Homeowner|frozenmeal-softdrink-Female-Homeowner
dairy-cannedmeat-frozenmeal-fish-confectionery-Female-Homeowner,dairy-fish-confectionery-Female-Homeowner|dairy-fish-confectionery-Female-Homeowner|dairy-fish-confectionery-Female-Homeowner
freshmeat-frozenmeal-confectionery-Male-Homeowner,confectionery-Male-Homeowner|frozenmeal-confectionery-Male-Homeowner|freshmeat-confectionery-Male-Homeowner|freshmeat-confectionery-Male-Homeowner|confectionery-Male-Homeowner|freshmeat-confectionery-Male-Homeowner|confectionery-Male-Homeowner
wine-Male-DoNotOwnHome,wine-Male-DoNotOwnHome|wine-Male-DoNotOwnHome|fruitveg-wine-Male-DoNotOwnHome|wine-Male-DoNotOwnHome|wine-Male-DoNotOwnHome|wine-Male-DoNotOwnHome
cannedmeat-Male-DoNotOwnHome,cannedmeat-Male-DoNotOwnHome|cannedmeat-Male-DoNotOwnHome|cannedmeat-Male-DoNotOwnHome|cannedmeat-beer-Male-DoNotOwnHome|cannedmeat-fish-Male-DoNotOwnHome|cannedmeat-frozenmeal-Male-DoNotOwnHome|cannedmeat-fish-Male-DoNotOwnHome|cannedmeat-Male-DoNotOwnHome
Female-Homeowner,Female-Homeowner|Female-Homeowner|Female-Homeowner|Female-Homeowner|Female-Homeowner|Female-Homeowner|Female-Homeowner|Female-Homeowner|Female-Homeowner|Female-Homeowner|Female-Homeowner|Female-Homeowner|Female-Homeowner|Female-Homeowner|Female-Homeowner|Female-Homeowner|Female-Homeowner|Female-Homeowner
cannedveg-frozenmeal-beer-wine-Male-Homeowner,cannedveg-frozenmeal-beer-Male-Homeowner|cannedveg-frozenmeal-beer-Male-Homeowner|cannedveg-frozenmeal-beer-wine-Male-Homeowner|cannedveg-frozenmeal-beer-Male-Homeowner|cannedveg-cannedmeat-frozenmeal-beer-wine-Male-Homeowner|cannedveg-frozenmeal-beer-wine-fish-Male-Homeowner|cannedveg-frozenmeal-beer-wine-softdrink-Male-Homeowner|fruitveg-cannedveg-frozenmeal-beer-wine-Male-Homeowner|cannedveg-frozenmeal-beer-wine-Male-Homeowner|cannedveg-frozenmeal-beer-Male-Homeowner|cannedveg-frozenmeal-beer-Male-Homeowner|cannedveg-frozenmeal-beer-Male-Homeowner|cannedveg-frozenmeal-beer-Male-Homeowner|freshmeat-cannedveg-frozenmeal-beer-wine-Male-Homeowner|cannedveg-frozenmeal-beer-Male-Homeowner|cannedveg-frozenmeal-beer-Male-Homeowner|cannedveg-frozenmeal-beer-Male-Homeowner|cannedveg-frozenmeal-beer-Male-Homeowner|freshmeat-cannedveg-frozenmeal-beer-Male-Homeowner|cannedveg-frozenmeal-beer-Male-Homeowner|cannedveg-frozenmeal-beer-wine-Male-Homeowner|cannedveg-frozenmeal-beer-wine-softdrink-Male-Homeowner
freshmeat-fish-Female-Homeowner,
fruitveg-beer-wine-fish-Female-DoNotOwnHome,fruitveg-wine-fish-Female-DoNotOwnHome
fruitveg-frozenmeal-Male-Homeowner,fruitveg-Male-Homeowner|fruitveg-freshmeat-Male-Homeowner|fruitveg-Male-Homeowner|fruitveg-freshmeat-Male-Homeowner|fruitveg-frozenmeal-Male-Homeowner|fruitveg-Male-Homeowner
dairy-Female-Homeowner,dairy-Female-Homeowner|dairy-Female-Homeowner|dairy-fish-Female-Homeowner|dairy-Female-Homeowner
cannedveg-frozenmeal-beer-confectionery-Male-DoNotOwnHome,cannedveg-frozenmeal-beer-confectionery-Male-DoNotOwnHome|cannedveg-frozenmeal-beer-softdrink-confectionery-Male-DoNotOwnHome|cannedveg-frozenmeal-beer-fish-confectionery-Male-DoNotOwnHome|cannedveg-frozenmeal-beer-confectionery-Male-DoNotOwnHome|freshmeat-cannedveg-frozenmeal-beer-confectionery-Male-DoNotOwnHome|cannedveg-frozenmeal-beer-fish-confectionery-Male-DoNotOwnHome|cannedveg-frozenmeal-beer-confectionery-Male-DoNotOwnHome
fruitveg-cannedveg-frozenmeal-Female-Homeowner,fruitveg-dairy-cannedveg-Female-Homeowner|cannedveg-frozenmeal-Female-Homeowner|cannedveg-frozenmeal-Female-Homeowner
fruitveg-freshmeat-cannedmeat-softdrink-fish-Male-DoNotOwnHome,
fruitveg-freshmeat-cannedveg-frozenmeal-beer-Male-Homeowner,fruitveg-cannedveg-frozenmeal-beer-wine-Male-Homeowner|freshmeat-cannedveg-cannedmeat-frozenmeal-beer-Male-Homeowner|fruitveg-cannedveg-frozenmeal-beer-Male-Homeowner|freshmeat-cannedveg-frozenmeal-beer-Male-Homeowner
cannedveg-fish-confectionery-Female-Homeowner,dairy-cannedveg-fish-confectionery-Female-Homeowner
Female-Homeowner,Female-Homeowner|Female-Homeowner|Female-Homeowner|Female-Homeowner|Female-Homeowner|Female-Homeowner|Female-Homeowner|Female-Homeowner|Female-Homeowner|Female-Homeowner|Female-Homeowner|Female-Homeowner|Female-Homeowner|Female-Homeowner|Female-Homeowner|Female-Homeowner|Female-Homeowner|Female-Homeowner
cannedveg-cannedmeat-beer-Female-DoNotOwnHome,cannedveg-beer-Female-DoNotOwnHome|fruitveg-cannedveg-cannedmeat-beer-Female-DoNotOwnHome|cannedveg-cannedmeat-Female-DoNotOwnHome
cannedveg-cannedmeat-wine-softdrink-fish-confectionery-Female-DoNotOwnHome,
fruitveg-freshmeat-wine-Female-DoNotOwnHome,
fruitveg-freshmeat-cannedveg-frozenmeal-beer-Male-Homeowner,fruitveg-cannedveg-frozenmeal-beer-wine-Male-Homeowner|freshmeat-cannedveg-cannedmeat-frozenmeal-beer-Male-Homeowner|fruitveg-cannedveg-frozenmeal-beer-Male-Homeowner|freshmeat-cannedveg-frozenmeal-beer-Male-Homeowner
freshmeat-fish-Female-DoNotOwnHome,freshmeat-fish-Female-DoNotOwnHome|freshmeat-fish-Female-DoNotOwnHome
fruitveg-fish-Male-DoNotOwnHome,fruitveg-fish-Male-DoNotOwnHome|fruitveg-dairy-fish-Male-DoNotOwnHome|fruitveg-fish-Male-DoNotOwnHome|fruitveg-beer-fish-Male-DoNotOwnHome|fruitveg-beer-fish-Male-DoNotOwnHome|fruitveg-fish-Male-DoNotOwnHome|fruitveg-fish-Male-DoNotOwnHome|fruitveg-Male-DoNotOwnHome|fruitveg-Male-DoNotOwnHome|fruitveg-Male-DoNotOwnHome
dairy-fish-Male-DoNotOwnHome,dairy-Male-DoNotOwnHome|dairy-Male-DoNotOwnHome|dairy-fish-Male-DoNotOwnHome
beer-wine-confectionery-Female-Homeowner,wine-confectionery-Female-Homeowner|wine-confectionery-Female-Homeowner|dairy-beer-wine-confectionery-Female-Homeowner|wine-confectionery-Female-Homeowner|fruitveg-beer-wine-confectionery-Female-Homeowner|wine-confectionery-Female-Homeowner|beer-wine-confectionery-Female-Homeowner|fruitveg-beer-wine-confectionery-Female-Homeowner|wine-confectionery-Female-Homeowner|fruitveg-beer-wine-confectionery-Female-Homeowner|wine-confectionery-Female-Homeowner|fruitveg-cannedmeat-beer-wine-fish-confectionery-Female-Homeowner|fruitveg-beer-wine-fish-confectionery-Female-Homeowner|wine-confectionery-Female-Homeowner|wine-confectionery-Female-Homeowner
fruitveg-frozenmeal-confectionery-Male-DoNotOwnHome,frozenmeal-confectionery-Male-DoNotOwnHome|fruitveg-frozenmeal-fish-confectionery-Male-DoNotOwnHome
cannedveg-frozenmeal-wine-Male-DoNotOwnHome,cannedveg-frozenmeal-wine-Male-DoNotOwnHome|cannedveg-wine-Male-DoNotOwnHome
freshmeat-Female-Homeowner,freshmeat-Female-Homeowner|freshmeat-frozenmeal-Female-Homeowner|freshmeat-Female-Homeowner|freshmeat-frozenmeal-Female-Homeowner|freshmeat-Female-Homeowner|freshmeat-frozenmeal-Female-Homeowner
dairy-wine-Male-Homeowner,wine-Male-Homeowner|wine-Male-Homeowner|dairy-wine-Male-Homeowner|wine-Male-Homeowner|dairy-Male-Homeowner|wine-Male-Homeowner|wine-Male-Homeowner|dairy-Male-Homeowner|dairy-Male-Homeowner|wine-Male-Homeowner|dairy-Male-Homeowner|dairy-Male-Homeowner
softdrink-Male-Homeowner,freshmeat-softdrink-Male-Homeowner|softdrink-Male-Homeowner|softdrink-Male-Homeowner|softdrink-Male-Homeowner|frozenmeal-softdrink-Male-Homeowner
fruitveg-cannedveg-wine-softdrink-fish-confectionery-Female-DoNotOwnHome,fruitveg-cannedmeat-wine-softdrink-fish-confectionery-Female-DoNotOwnHome|fruitveg-cannedveg-wine-softdrink-fish-Female-DoNotOwnHome|fruitveg-dairy-cannedveg-wine-softdrink-fish-confectionery-Female-DoNotOwnHome
fruitveg-dairy-fish-Male-DoNotOwnHome,fruitveg-fish-Male-DoNotOwnHome|fruitveg-dairy-cannedveg-fish-Male-DoNotOwnHome|fruitveg-dairy-frozenmeal-fish-Male-DoNotOwnHome|fruitveg-dairy-fish-Male-DoNotOwnHome|fruitveg-fish-Male-DoNotOwnHome|fruitveg-fish-Male-DoNotOwnHome|fruitveg-fish-Male-DoNotOwnHome|fruitveg-dairy-beer-fish-Male-DoNotOwnHome
fruitveg-freshmeat-wine-confectionery-Female-DoNotOwnHome,freshmeat-wine-confectionery-Female-DoNotOwnHome|freshmeat-wine-confectionery-Female-DoNotOwnHome|freshmeat-cannedmeat-wine-confectionery-Female-DoNotOwnHome|fruitveg-freshmeat-cannedmeat-wine-softdrink-confectionery-Female-DoNotOwnHome
fruitveg-cannedmeat-frozenmeal-softdrink-fish-confectionery-Female-DoNotOwnHome,fruitveg-frozenmeal-softdrink-fish-Female-DoNotOwnHome
frozenmeal-beer-confectionery-Female-Homeowner,beer-confectionery-Female-Homeowner|beer-confectionery-Female-Homeowner
cannedveg-cannedmeat-beer-wine-confectionery-Female-DoNotOwnHome,
fruitveg-cannedmeat-frozenmeal-Male-DoNotOwnHome,
cannedmeat-frozenmeal-beer-Male-DoNotOwnHome,cannedveg-cannedmeat-frozenmeal-beer-Male-DoNotOwnHome|cannedmeat-beer-Male-DoNotOwnHome|cannedmeat-frozenmeal-Male-DoNotOwnHome|cannedveg-cannedmeat-frozenmeal-beer-Male-DoNotOwnHome|cannedveg-cannedmeat-frozenmeal-beer-Male-DoNotOwnHome|cannedveg-cannedmeat-frozenmeal-beer-Male-DoNotOwnHome
cannedveg-frozenmeal-Female-DoNotOwnHome,cannedveg-Female-DoNotOwnHome|cannedveg-Female-DoNotOwnHome|cannedveg-Female-DoNotOwnHome|cannedveg-Female-DoNotOwnHome|cannedveg-Female-DoNotOwnHome|cannedveg-frozenmeal-beer-Female-DoNotOwnHome|cannedveg-Female-DoNotOwnHome
fruitveg-cannedveg-Male-Homeowner,fruitveg-cannedveg-fish-Male-Homeowner
fruitveg-softdrink-fish-Female-DoNotOwnHome,fruitveg-dairy-softdrink-fish-Female-DoNotOwnHome|fruitveg-beer-softdrink-fish-Female-DoNotOwnHome|fruitveg-frozenmeal-softdrink-fish-Female-DoNotOwnHome|fruitveg-beer-softdrink-fish-Female-DoNotOwnHome|fruitveg-softdrink-Female-DoNotOwnHome
frozenmeal-beer-confectionery-Female-DoNotOwnHome,beer-confectionery-Female-DoNotOwnHome|frozenmeal-beer-fish-confectionery-Female-DoNotOwnHome
fruitveg-cannedveg-frozenmeal-beer-softdrink-confectionery-Female-DoNotOwnHome,
cannedmeat-wine-softdrink-fish-confectionery-Female-Homeowner,cannedmeat-wine-fish-confectionery-Female-Homeowner
softdrink-confectionery-Female-Homeowner,wine-softdrink-confectionery-Female-Homeowner|cannedmeat-softdrink-confectionery-Female-Homeowner|wine-softdrink-confectionery-Female-Homeowner
cannedveg-confectionery-Male-DoNotOwnHome,
cannedveg-frozenmeal-beer-confectionery-Male-DoNotOwnHome,cannedveg-frozenmeal-beer-confectionery-Male-DoNotOwnHome|cannedveg-frozenmeal-beer-softdrink-confectionery-Male-DoNotOwnHome|cannedveg-frozenmeal-beer-fish-confectionery-Male-DoNotOwnHome|cannedveg-frozenmeal-beer-confectionery-Male-DoNotOwnHome|freshmeat-cannedveg-frozenmeal-beer-confectionery-Male-DoNotOwnHome|cannedveg-frozenmeal-beer-fish-confectionery-Male-DoNotOwnHome|cannedveg-frozenmeal-beer-confectionery-Male-DoNotOwnHome
freshmeat-dairy-cannedveg-frozenmeal-beer-confectionery-Male-DoNotOwnHome,freshmeat-cannedveg-frozenmeal-beer-confectionery-Male-DoNotOwnHome
cannedveg-frozenmeal-beer-fish-Female-DoNotOwnHome,cannedveg-frozenmeal-beer-Female-DoNotOwnHome
cannedmeat-wine-Female-Homeowner,
fruitveg-frozenmeal-wine-Male-DoNotOwnHome,
cannedmeat-softdrink-Female-Homeowner,softdrink-Female-Homeowner|cannedmeat-softdrink-Female-Homeowner
freshmeat-cannedveg-frozenmeal-beer-wine-Male-Homeowner,cannedveg-frozenmeal-beer-Male-Homeowner|cannedveg-frozenmeal-beer-Male-Homeowner|cannedveg-frozenmeal-beer-wine-Male-Homeowner|cannedveg-frozenmeal-beer-Male-Homeowner|freshmeat-cannedveg-cannedmeat-frozenmeal-beer-wine-confectionery-Male-Homeowner|cannedveg-frozenmeal-beer-wine-fish-Male-Homeowner|cannedveg-frozenmeal-beer-wine-Male-Homeowner|cannedveg-frozenmeal-beer-Male-Homeowner|cannedveg-frozenmeal-beer-Male-Homeowner|cannedveg-frozenmeal-beer-Male-Homeowner|cannedveg-frozenmeal-beer-Male-Homeowner|freshmeat-cannedveg-frozenmeal-beer-wine-Male-Homeowner|cannedveg-frozenmeal-beer-Male-Homeowner|cannedveg-frozenmeal-beer-Male-Homeowner|cannedveg-frozenmeal-beer-Male-Homeowner|cannedveg-frozenmeal-beer-Male-Homeowner|freshmeat-cannedveg-frozenmeal-beer-Male-Homeowner|cannedveg-frozenmeal-beer-Male-Homeowner|cannedveg-frozenmeal-beer-wine-Male-Homeowner
freshmeat-cannedveg-cannedmeat-frozenmeal-beer-softdrink-confectionery-Male-DoNotOwnHome,freshmeat-cannedveg-cannedmeat-frozenmeal-beer-softdrink-confectionery-Male-DoNotOwnHome|cannedveg-frozenmeal-beer-softdrink-confectionery-Male-DoNotOwnHome|freshmeat-cannedveg-frozenmeal-beer-softdrink-fish-confectionery-Male-DoNotOwnHome|freshmeat-cannedveg-cannedmeat-frozenmeal-beer-softdrink-Male-DoNotOwnHome
Female-DoNotOwnHome,Female-DoNotOwnHome|Female-DoNotOwnHome|Female-DoNotOwnHome|Female-DoNotOwnHome|Female-DoNotOwnHome|Female-DoNotOwnHome|Female-DoNotOwnHome|Female-DoNotOwnHome|Female-DoNotOwnHome
freshmeat-confectionery-Female-Homeowner,confectionery-Female-Homeowner|freshmeat-wine-confectionery-Female-Homeowner|freshmeat-wine-confectionery-Female-Homeowner|confectionery-Female-Homeowner
fruitveg-freshmeat-frozenmeal-Male-DoNotOwnHome,
dairy-Male-Homeowner,dairy-wine-Male-Homeowner|dairy-Male-Homeowner|dairy-Male-Homeowner|dairy-Male-Homeowner|dairy-Male-Homeowner|dairy-Male-Homeowner
beer-softdrink-Female-DoNotOwnHome,
wine-softdrink-confectionery-Female-Homeowner,wine-softdrink-confectionery-Female-Homeowner|wine-softdrink-confectionery-Female-Homeowner
freshmeat-frozenmeal-Male-DoNotOwnHome,
freshmeat-cannedmeat-beer-wine-Male-Homeowner,freshmeat-beer-wine-Male-Homeowner
freshmeat-cannedveg-cannedmeat-frozenmeal-confectionery-Female-Homeowner,
fruitveg-cannedveg-wine-softdrink-Male-DoNotOwnHome,cannedveg-wine-softdrink-Male-DoNotOwnHome
fish-Male-DoNotOwnHome,fish-Male-DoNotOwnHome|fish-Male-DoNotOwnHome|fish-Male-DoNotOwnHome|fish-Male-DoNotOwnHome
dairy-frozenmeal-Female-DoNotOwnHome,
cannedmeat-Female-Homeowner,cannedmeat-frozenmeal-Female-Homeowner|cannedmeat-Female-Homeowner|cannedmeat-Female-Homeowner|cannedmeat-Female-Homeowner|freshmeat-cannedmeat-Female-Homeowner|freshmeat-cannedmeat-Female-Homeowner|cannedmeat-Female-Homeowner
dairy-wine-confectionery-Female-DoNotOwnHome,dairy-wine-softdrink-confectionery-Female-DoNotOwnHome|dairy-wine-confectionery-Female-DoNotOwnHome|dairy-wine-softdrink-confectionery-Female-DoNotOwnHome|dairy-wine-confectionery-Female-DoNotOwnHome
cannedveg-frozenmeal-beer-Male-Homeowner,cannedveg-frozenmeal-beer-Male-Homeowner|cannedveg-frozenmeal-beer-Male-Homeowner|cannedveg-frozenmeal-beer-wine-Male-Homeowner|cannedveg-frozenmeal-beer-Male-Homeowner|cannedveg-frozenmeal-beer-fish-Male-Homeowner|cannedveg-frozenmeal-beer-wine-Male-Homeowner|cannedveg-frozenmeal-beer-Male-Homeowner|cannedveg-frozenmeal-beer-Male-Homeowner|cannedveg-frozenmeal-beer-Male-Homeowner|cannedveg-frozenmeal-beer-Male-Homeowner|freshmeat-cannedveg-frozenmeal-beer-wine-Male-Homeowner|cannedveg-cannedmeat-frozenmeal-beer-Male-Homeowner|dairy-cannedveg-frozenmeal-beer-Male-Homeowner|freshmeat-cannedveg-frozenmeal-beer-fish-Male-Homeowner|cannedveg-frozenmeal-beer-softdrink-Male-Homeowner|cannedveg-frozenmeal-beer-Male-Homeowner|dairy-cannedveg-frozenmeal-beer-Male-Homeowner|cannedveg-frozenmeal-beer-Male-Homeowner|dairy-cannedveg-frozenmeal-beer-Male-Homeowner|cannedveg-frozenmeal-beer-fish-Male-Homeowner|cannedveg-frozenmeal-beer-Male-Homeowner|cannedveg-frozenmeal-beer-Male-Homeowner|freshmeat-cannedveg-frozenmeal-beer-Male-Homeowner|cannedveg-frozenmeal-beer-Male-Homeowner|cannedveg-cannedmeat-frozenmeal-beer-Male-Homeowner|cannedveg-frozenmeal-beer-confectionery-Male-Homeowner|cannedveg-cannedmeat-frozenmeal-beer-Male-Homeowner|cannedveg-frozenmeal-beer-wine-Male-Homeowner|cannedveg-frozenmeal-beer-confectionery-Male-Homeowner|cannedveg-frozenmeal-Male-Homeowner|cannedveg-cannedmeat-frozenmeal-beer-Male-Homeowner
fruitveg-beer-fish-Male-DoNotOwnHome,fruitveg-fish-Male-DoNotOwnHome|fruitveg-fish-Male-DoNotOwnHome|fruitveg-beer-fish-Male-DoNotOwnHome|fruitveg-beer-fish-Male-DoNotOwnHome|fruitveg-fish-Male-DoNotOwnHome|fruitveg-fish-Male-DoNotOwnHome|fruitveg-dairy-beer-fish-Male-DoNotOwnHome
beer-Female-Homeowner,beer-fish-Female-Homeowner|beer-Female-Homeowner|beer-Female-Homeowner|beer-Female-Homeowner|beer-Female-Homeowner|dairy-beer-Female-Homeowner|dairy-beer-Female-Homeowner|beer-Female-Homeowner|frozenmeal-beer-Female-Homeowner|beer-Female-Homeowner
fruitveg-cannedveg-fish-confectionery-Male-DoNotOwnHome,
fruitveg-freshmeat-cannedveg-cannedmeat-frozenmeal-beer-fish-Male-DoNotOwnHome,fruitveg-cannedveg-cannedmeat-frozenmeal-beer-wine-fish-Male-DoNotOwnHome|fruitveg-freshmeat-cannedveg-frozenmeal-beer-fish-Male-DoNotOwnHome|fruitveg-cannedveg-cannedmeat-frozenmeal-beer-Male-DoNotOwnHome|fruitveg-cannedveg-cannedmeat-frozenmeal-beer-wine-fish-Male-DoNotOwnHome|fruitveg-freshmeat-cannedveg-frozenmeal-beer-fish-Male-DoNotOwnHome|fruitveg-freshmeat-cannedveg-frozenmeal-beer-fish-Male-DoNotOwnHome
fruitveg-frozenmeal-wine-confectionery-Female-Homeowner,frozenmeal-wine-confectionery-Female-Homeowner|fruitveg-freshmeat-dairy-wine-confectionery-Female-Homeowner|fruitveg-wine-confectionery-Female-Homeowner|fruitveg-freshmeat-dairy-wine-confectionery-Female-Homeowner|frozenmeal-wine-confectionery-Female-Homeowner|fruitveg-frozenmeal-wine-confectionery-Female-Homeowner
wine-Female-DoNotOwnHome,wine-Female-DoNotOwnHome|wine-Female-DoNotOwnHome
frozenmeal-Male-DoNotOwnHome,frozenmeal-Male-DoNotOwnHome|frozenmeal-Male-DoNotOwnHome
dairy-cannedveg-frozenmeal-beer-wine-Male-DoNotOwnHome,cannedveg-cannedmeat-frozenmeal-beer-wine-fish-Male-DoNotOwnHome|cannedveg-frozenmeal-beer-wine-fish-Male-DoNotOwnHome|dairy-cannedveg-frozenmeal-beer-Male-DoNotOwnHome|cannedveg-cannedmeat-frozenmeal-beer-wine-fish-Male-DoNotOwnHome|cannedveg-frozenmeal-beer-wine-Male-DoNotOwnHome|cannedveg-cannedmeat-frozenmeal-beer-wine-fish-Male-DoNotOwnHome|dairy-cannedveg-frozenmeal-beer-Male-DoNotOwnHome|cannedveg-frozenmeal-beer-wine-Male-DoNotOwnHome|cannedveg-frozenmeal-beer-wine-Male-DoNotOwnHome|cannedveg-frozenmeal-beer-wine-Male-DoNotOwnHome
fruitveg-cannedmeat-fish-Female-DoNotOwnHome,fruitveg-cannedmeat-Female-DoNotOwnHome|fruitveg-cannedmeat-fish-Female-DoNotOwnHome|fruitveg-cannedmeat-Female-DoNotOwnHome|fruitveg-cannedmeat-fish-Female-DoNotOwnHome|fruitveg-cannedmeat-beer-fish-Female-DoNotOwnHome|fruitveg-cannedmeat-fish-Female-DoNotOwnHome|fruitveg-cannedmeat-beer-fish-Female-DoNotOwnHome
fruitveg-wine-confectionery-Female-Homeowner,wine-confectionery-Female-Homeowner|wine-confectionery-Female-Homeowner|fruitveg-freshmeat-dairy-wine-confectionery-Female-Homeowner|fruitveg-wine-confectionery-Female-Homeowner|wine-confectionery-Female-Homeowner|fruitveg-freshmeat-dairy-wine-confectionery-Female-Homeowner|fruitveg-beer-wine-confectionery-Female-Homeowner|wine-confectionery-Female-Homeowner|fruitveg-frozenmeal-wine-confectionery-Female-Homeowner|fruitveg-beer-wine-confectionery-Female-Homeowner|wine-confectionery-Female-Homeowner|fruitveg-beer-wine-confectionery-Female-Homeowner|wine-confectionery-Female-Homeowner|cannedmeat-wine-confectionery-Female-Homeowner|wine-confectionery-Female-Homeowner|wine-confectionery-Female-Homeowner|cannedmeat-wine-confectionery-Female-Homeowner
freshmeat-dairy-cannedveg-wine-fish-Female-DoNotOwnHome,fruitveg-freshmeat-dairy-cannedveg-wine-fish-Female-DoNotOwnHome|fruitveg-freshmeat-dairy-cannedveg-wine-softdrink-fish-Female-DoNotOwnHome
beer-wine-Male-Homeowner,wine-Male-Homeowner|wine-Male-Homeowner|frozenmeal-beer-wine-Male-Homeowner|wine-Male-Homeowner|wine-Male-Homeowner|wine-Male-Homeowner|beer-wine-Male-Homeowner|wine-Male-Homeowner
beer-Female-DoNotOwnHome,dairy-beer-Female-DoNotOwnHome|beer-Female-DoNotOwnHome|fruitveg-beer-Female-DoNotOwnHome|beer-Female-DoNotOwnHome|fruitveg-beer-Female-DoNotOwnHome
fruitveg-dairy-Female-Homeowner,fruitveg-Female-Homeowner|fruitveg-dairy-Female-Homeowner|fruitveg-dairy-cannedveg-Female-Homeowner|fruitveg-freshmeat-Female-Homeowner|fruitveg-Female-Homeowner|fruitveg-Female-Homeowner|fruitveg-Female-Homeowner|fruitveg-dairy-Female-Homeowner|fruitveg-Female-Homeowner|fruitveg-Female-Homeowner|fruitveg-dairy-Female-Homeowner|fruitveg-freshmeat-dairy-Female-Homeowner|fruitveg-Female-Homeowner|fruitveg-Female-Homeowner
cannedveg-frozenmeal-beer-Male-Homeowner,cannedveg-frozenmeal-beer-Male-Homeowner|cannedveg-frozenmeal-beer-Male-Homeowner|cannedveg-frozenmeal-beer-wine-Male-Homeowner|cannedveg-frozenmeal-beer-Male-Homeowner|cannedveg-frozenmeal-beer-fish-Male-Homeowner|cannedveg-frozenmeal-beer-wine-Male-Homeowner|cannedveg-frozenmeal-beer-Male-Homeowner|cannedveg-frozenmeal-beer-Male-Homeowner|cannedveg-frozenmeal-beer-Male-Homeowner|cannedveg-frozenmeal-beer-Male-Homeowner|freshmeat-cannedveg-frozenmeal-beer-wine-Male-Homeowner|cannedveg-cannedmeat-frozenmeal-beer-Male-Homeowner|dairy-cannedveg-frozenmeal-beer-Male-Homeowner|freshmeat-cannedveg-frozenmeal-beer-fish-Male-Homeowner|cannedveg-frozenmeal-beer-softdrink-Male-Homeowner|cannedveg-frozenmeal-beer-Male-Homeowner|dairy-cannedveg-frozenmeal-beer-Male-Homeowner|cannedveg-frozenmeal-beer-Male-Homeowner|dairy-cannedveg-frozenmeal-beer-Male-Homeowner|cannedveg-frozenmeal-beer-fish-Male-Homeowner|cannedveg-frozenmeal-beer-Male-Homeowner|cannedveg-frozenmeal-beer-Male-Homeowner|freshmeat-cannedveg-frozenmeal-beer-Male-Homeowner|cannedveg-frozenmeal-beer-Male-Homeowner|cannedveg-cannedmeat-frozenmeal-beer-Male-Homeowner|cannedveg-frozenmeal-beer-confectionery-Male-Homeowner|cannedveg-cannedmeat-frozenmeal-beer-Male-Homeowner|cannedveg-frozenmeal-beer-wine-Male-Homeowner|cannedveg-frozenmeal-beer-confectionery-Male-Homeowner|cannedveg-frozenmeal-Male-Homeowner|cannedveg-cannedmeat-frozenmeal-beer-Male-Homeowner
fruitveg-dairy-cannedmeat-frozenmeal-fish-Female-DoNotOwnHome,fruitveg-cannedmeat-fish-Female-DoNotOwnHome|fruitveg-cannedmeat-fish-Female-DoNotOwnHome|fruitveg-cannedmeat-fish-Female-DoNotOwnHome
Male-DoNotOwnHome,Male-DoNotOwnHome|Male-DoNotOwnHome|Male-DoNotOwnHome|Male-DoNotOwnHome|Male-DoNotOwnHome|Male-DoNotOwnHome|Male-DoNotOwnHome|Male-DoNotOwnHome
cannedveg-frozenmeal-beer-Male-Homeowner,cannedveg-frozenmeal-beer-Male-Homeowner|cannedveg-frozenmeal-beer-Male-Homeowner|cannedveg-frozenmeal-beer-wine-Male-Homeowner|cannedveg-frozenmeal-beer-Male-Homeowner|cannedveg-frozenmeal-beer-fish-Male-Homeowner|cannedveg-frozenmeal-beer-wine-Male-Homeowner|cannedveg-frozenmeal-beer-Male-Homeowner|cannedveg-frozenmeal-beer-Male-Homeowner|cannedveg-frozenmeal-beer-Male-Homeowner|cannedveg-frozenmeal-beer-Male-Homeowner|freshmeat-cannedveg-frozenmeal-beer-wine-Male-Homeowner|cannedveg-cannedmeat-frozenmeal-beer-Male-Homeowner|dairy-cannedveg-frozenmeal-beer-Male-Homeowner|freshmeat-cannedveg-frozenmeal-beer-fish-Male-Homeowner|cannedveg-frozenmeal-beer-softdrink-Male-Homeowner|cannedveg-frozenmeal-beer-Male-Homeowner|dairy-cannedveg-frozenmeal-beer-Male-Homeowner|cannedveg-frozenmeal-beer-Male-Homeowner|dairy-cannedveg-frozenmeal-beer-Male-Homeowner|cannedveg-frozenmeal-beer-fish-Male-Homeowner|cannedveg-frozenmeal-beer-Male-Homeowner|cannedveg-frozenmeal-beer-Male-Homeowner|freshmeat-cannedveg-frozenmeal-beer-Male-Homeowner|cannedveg-frozenmeal-beer-Male-Homeowner|cannedveg-cannedmeat-frozenmeal-beer-Male-Homeowner|cannedveg-frozenmeal-beer-confectionery-Male-Homeowner|cannedveg-cannedmeat-frozenmeal-beer-Male-Homeowner|cannedveg-frozenmeal-beer-wine-Male-Homeowner|cannedveg-frozenmeal-beer-confectionery-Male-Homeowner|cannedveg-frozenmeal-Male-Homeowner|cannedveg-cannedmeat-frozenmeal-beer-Male-Homeowner
fruitveg-dairy-fish-Female-DoNotOwnHome,fruitveg-dairy-softdrink-fish-Female-DoNotOwnHome|fruitveg-fish-Female-DoNotOwnHome|fruitveg-dairy-Female-DoNotOwnHome|fruitveg-fish-Female-DoNotOwnHome|fruitveg-fish-Female-DoNotOwnHome|fruitveg-dairy-fish-Female-DoNotOwnHome
fruitveg-fish-Female-DoNotOwnHome,fruitveg-Female-DoNotOwnHome|fruitveg-fish-Female-DoNotOwnHome|fruitveg-beer-fish-Female-DoNotOwnHome|fruitveg-fish-Female-DoNotOwnHome|fruitveg-Female-DoNotOwnHome|fruitveg-fish-Female-DoNotOwnHome|fruitveg-beer-fish-Female-DoNotOwnHome|fruitveg-dairy-fish-Female-DoNotOwnHome|fruitveg-cannedveg-fish-Female-DoNotOwnHome
Male-DoNotOwnHome,Male-DoNotOwnHome|Male-DoNotOwnHome|Male-DoNotOwnHome|Male-DoNotOwnHome|Male-DoNotOwnHome|Male-DoNotOwnHome|Male-DoNotOwnHome|Male-DoNotOwnHome
cannedveg-wine-fish-confectionery-Female-DoNotOwnHome,
fruitveg-dairy-frozenmeal-beer-wine-fish-confectionery-Female-Homeowner,dairy-frozenmeal-beer-wine-confectionery-Female-Homeowner|fruitveg-beer-wine-fish-confectionery-Female-Homeowner
fruitveg-cannedveg-frozenmeal-beer-Male-DoNotOwnHome,fruitveg-cannedveg-frozenmeal-beer-wine-Male-DoNotOwnHome|cannedveg-cannedmeat-frozenmeal-beer-Male-DoNotOwnHome|fruitveg-freshmeat-cannedveg-frozenmeal-beer-fish-Male-DoNotOwnHome|fruitveg-cannedveg-frozenmeal-beer-fish-Male-DoNotOwnHome|fruitveg-cannedveg-cannedmeat-frozenmeal-beer-Male-DoNotOwnHome|fruitveg-dairy-cannedveg-frozenmeal-beer-fish-Male-DoNotOwnHome|cannedveg-cannedmeat-frozenmeal-beer-Male-DoNotOwnHome|fruitveg-cannedveg-frozenmeal-beer-fish-Male-DoNotOwnHome|fruitveg-cannedveg-frozenmeal-beer-Male-DoNotOwnHome|cannedveg-frozenmeal-beer-Male-DoNotOwnHome|cannedveg-cannedmeat-frozenmeal-beer-Male-DoNotOwnHome|fruitveg-cannedveg-frozenmeal-beer-fish-Male-DoNotOwnHome|fruitveg-freshmeat-cannedveg-frozenmeal-beer-fish-Male-DoNotOwnHome|cannedveg-cannedmeat-frozenmeal-beer-Male-DoNotOwnHome|cannedveg-frozenmeal-beer-Male-DoNotOwnHome|fruitveg-cannedveg-frozenmeal-beer-Male-DoNotOwnHome|fruitveg-cannedveg-frozenmeal-beer-fish-Male-DoNotOwnHome|fruitveg-cannedveg-frozenmeal-beer-Male-DoNotOwnHome|fruitveg-freshmeat-cannedveg-frozenmeal-beer-fish-Male-DoNotOwnHome|cannedveg-frozenmeal-beer-Male-DoNotOwnHome
fruitveg-frozenmeal-Male-DoNotOwnHome,fruitveg-frozenmeal-fish-Male-DoNotOwnHome|fruitveg-frozenmeal-fish-Male-DoNotOwnHome|fruitveg-frozenmeal-fish-Male-DoNotOwnHome
cannedveg-frozenmeal-beer-fish-Male-Homeowner,cannedveg-frozenmeal-beer-Male-Homeowner|cannedveg-frozenmeal-beer-Male-Homeowner|cannedveg-frozenmeal-beer-softdrink-fish-Male-Homeowner|cannedveg-frozenmeal-beer-Male-Homeowner|cannedveg-frozenmeal-beer-wine-fish-Male-Homeowner|cannedveg-frozenmeal-beer-fish-Male-Homeowner|cannedveg-frozenmeal-beer-Male-Homeowner|cannedveg-frozenmeal-beer-Male-Homeowner|cannedveg-frozenmeal-beer-Male-Homeowner|cannedveg-frozenmeal-beer-Male-Homeowner|cannedveg-cannedmeat-frozenmeal-beer-Male-Homeowner|dairy-cannedveg-frozenmeal-beer-Male-Homeowner|freshmeat-cannedveg-frozenmeal-beer-fish-Male-Homeowner|cannedveg-frozenmeal-beer-Male-Homeowner|dairy-cannedveg-frozenmeal-beer-Male-Homeowner|cannedveg-frozenmeal-beer-Male-Homeowner|dairy-cannedveg-frozenmeal-beer-Male-Homeowner|cannedveg-frozenmeal-beer-fish-Male-Homeowner|cannedveg-frozenmeal-beer-Male-Homeowner|cannedveg-frozenmeal-beer-Male-Homeowner|freshmeat-cannedveg-frozenmeal-beer-Male-Homeowner|cannedveg-frozenmeal-beer-Male-Homeowner|cannedveg-cannedmeat-frozenmeal-beer-Male-Homeowner|cannedveg-cannedmeat-frozenmeal-beer-Male-Homeowner|cannedveg-cannedmeat-frozenmeal-beer-Male-Homeowner
fruitveg-freshmeat-softdrink-Male-Homeowner,freshmeat-softdrink-Male-Homeowner|fruitveg-freshmeat-Male-Homeowner|fruitveg-freshmeat-cannedmeat-softdrink-Male-Homeowner|fruitveg-freshmeat-Male-Homeowner|fruitveg-freshmeat-softdrink-Male-Homeowner|fruitveg-softdrink-Male-Homeowner|fruitveg-dairy-softdrink-Male-Homeowner|fruitveg-freshmeat-cannedmeat-softdrink-Male-Homeowner
fruitveg-cannedveg-cannedmeat-Male-DoNotOwnHome,
cannedveg-frozenmeal-beer-fish-confectionery-Male-DoNotOwnHome,freshmeat-cannedveg-frozenmeal-beer-wine-fish-confectionery-Male-DoNotOwnHome|cannedveg-frozenmeal-beer-confectionery-Male-DoNotOwnHome|cannedveg-frozenmeal-beer-fish-confectionery-Male-DoNotOwnHome|cannedveg-frozenmeal-beer-confectionery-Male-DoNotOwnHome|freshmeat-cannedveg-frozenmeal-beer-confectionery-Male-DoNotOwnHome|cannedveg-frozenmeal-beer-fish-confectionery-Male-DoNotOwnHome|freshmeat-cannedveg-frozenmeal-beer-softdrink-fish-confectionery-Male-DoNotOwnHome|cannedveg-frozenmeal-beer-confectionery-Male-DoNotOwnHome
cannedveg-Male-DoNotOwnHome,cannedveg-Male-DoNotOwnHome|cannedveg-wine-Male-DoNotOwnHome|cannedveg-Male-DoNotOwnHome
cannedveg-fish-Female-DoNotOwnHome,
freshmeat-Male-Homeowner,fruitveg-freshmeat-Male-Homeowner|fruitveg-freshmeat-Male-Homeowner|freshmeat-Male-Homeowner|freshmeat-beer-Male-Homeowner|freshmeat-Male-Homeowner|freshmeat-Male-Homeowner|freshmeat-Male-Homeowner|freshmeat-Male-Homeowner|freshmeat-frozenmeal-Male-Homeowner
fruitveg-wine-confectionery-Female-Homeowner,wine-confectionery-Female-Homeowner|wine-confectionery-Female-Homeowner|fruitveg-freshmeat-dairy-wine-confectionery-Female-Homeowner|fruitveg-wine-confectionery-Female-Homeowner|wine-confectionery-Female-Homeowner|fruitveg-freshmeat-dairy-wine-confectionery-Female-Homeowner|fruitveg-beer-wine-confectionery-Female-Homeowner|wine-confectionery-Female-Homeowner|fruitveg-frozenmeal-wine-confectionery-Female-Homeowner|fruitveg-beer-wine-confectionery-Female-Homeowner|wine-confectionery-Female-Homeowner|fruitveg-beer-wine-confectionery-Female-Homeowner|wine-confectionery-Female-Homeowner|cannedmeat-wine-confectionery-Female-Homeowner|wine-confectionery-Female-Homeowner|wine-confectionery-Female-Homeowner|cannedmeat-wine-confectionery-Female-Homeowner
dairy-softdrink-confectionery-Male-DoNotOwnHome,
